<?xml version="1.0" encoding="UTF-8"?>
<jcr:root xmlns:sling="http://sling.apache.org/jcr/sling/1.0" xmlns:cq="http://www.day.com/jcr/cq/1.0" xmlns:jcr="http://www.jcp.org/jcr/1.0" xmlns:nt="http://www.jcp.org/jcr/nt/1.0"
    jcr:primaryType="cq:Page">
    <jcr:content
        cq:conf="/conf/we-retail-journal/angular"
        cq:lastModified="{Date}2018-06-01T16:27:58.473+02:00"
        cq:lastModifiedBy="admin"
        cq:template="/conf/we-retail-journal/angular/settings/wcm/templates/we-retail-angular-weather-template"
        jcr:primaryType="cq:PageContent"
        jcr:title="We.Retail Journal"
        sling:resourceType="we-retail-journal/angular/components/structure/page">
        <root
            jcr:primaryType="nt:unstructured"
            sling:resourceType="wcm/foundation/components/responsivegrid">
            <top
                jcr:primaryType="nt:unstructured"
                sling:resourceType="wcm/foundation/components/responsivegrid">
                <weather
                    jcr:lastModified="{Date}2018-06-04T09:50:29.643+02:00"
                    jcr:lastModifiedBy="admin"
                    jcr:primaryType="nt:unstructured"
                    sling:resourceType="we-retail-journal/components/weather"
                    apiKey="29956e2dd75344d2894215728182003"
                    city="Basel"
                    editable="{Boolean}true"/>
            </top>
            <responsivegrid
                jcr:primaryType="nt:unstructured"
                sling:resourceType="wcm/foundation/components/responsivegrid">
                <title_brand
                    jcr:primaryType="nt:unstructured"
                    sling:resourceType="we-retail-journal/components/image"
                    fileReference="/content/dam/we-retail-journal/brand/journal_branding.png">
                    <cq:responsive jcr:primaryType="nt:unstructured">
                        <default
                            jcr:primaryType="nt:unstructured"
                            offset="1"
                            width="6"/>
                        <iphone
                            jcr:primaryType="nt:unstructured"
                            offset="1"
                            width="10"/>
                    </cq:responsive>
                </title_brand>
                <header_image
                    jcr:primaryType="nt:unstructured"
                    sling:resourceType="we-retail-journal/components/image"
                    fileReference="/content/dam/we-retail/en/experiences/arctic-surfing-in-lofoten/surfer-wave-01.jpg"/>
                <page_title
                    jcr:primaryType="nt:unstructured"
                    sling:resourceType="we-retail-journal/components/text"
                    text="&lt;h2>Aloha spirits in Northern Norway&lt;/h2>"
                    textIsRich="true">
                    <cq:responsive jcr:primaryType="nt:unstructured">
                        <default
                            jcr:primaryType="nt:unstructured"
                            offset="1"
                            width="10"/>
                        <phone
                            jcr:primaryType="nt:unstructured"
                            width="12"/>
                    </cq:responsive>
                </page_title>
                <page_author_image
                    jcr:primaryType="nt:unstructured"
                    sling:resourceType="we-retail-journal/components/image"
                    fileReference="/content/dam/we-retail/en/experiences/arctic-surfing-in-lofoten/camp-tent.jpg">
                    <cq:responsive jcr:primaryType="nt:unstructured">
                        <default
                            jcr:primaryType="nt:unstructured"
                            offset="1"
                            width="1"/>
                        <phone
                            jcr:primaryType="nt:unstructured"
                            behavior="hide"/>
                    </cq:responsive>
                </page_author_image>
                <page_author
                    jcr:primaryType="nt:unstructured"
                    sling:resourceType="we-retail-journal/components/text"
                    text="&lt;h3>Jacob Wester&lt;/h3>&lt;h3>Photos: Sofia Sjöberg&lt;/h3>"
                    textIsRich="true">
                    <cq:responsive jcr:primaryType="nt:unstructured">
                        <default
                            jcr:primaryType="nt:unstructured"
                            offset="0"
                            width="6"/>
                        <phone
                            jcr:primaryType="nt:unstructured"
                            width="12"/>
                    </cq:responsive>
                </page_author>
                <paragraph_1
                    jcr:primaryType="nt:unstructured"
                    sling:resourceType="we-retail-journal/components/text"
                    text="&lt;p>Steep mountain sides surround us, like wise trolls from a distant timeline, weathered and worn by long-gone glaciers, green moss now covering the black rock. White sheep forage on steep grass, defying the chilling winds funneled by the deep valley. The subtle hues of the arctic circle are welcoming, comfortable on the eyes. When rare sunrays pierce through the low clouds, the scenery reveals its vibrancy, as the waves reflect a translucent cyan blue before crashing loudly onto white sand. A small but playful groundswell is building, the offshore breeze grooming playful lines down the point, making for welcoming conditions for acclimatizing to cold water and thick neoprene. Knowing it is our last surf before a few days of hard wind, we take full advantage out of every ripple the North Atlantic Ocean sends our way. Tomorrow this place will have taken on a very different, much more hostile appearance.&lt;/p>"
                    textIsRich="true">
                    <cq:responsive jcr:primaryType="nt:unstructured">
                        <default
                            jcr:primaryType="nt:unstructured"
                            offset="2"
                            width="8"/>
                        <tablet
                            jcr:primaryType="nt:unstructured"
                            offset="1"
                            width="10"/>
                        <phone
                            jcr:primaryType="nt:unstructured"
                            width="12"/>
                    </cq:responsive>
                </paragraph_1>
                <paragraph_2
                    jcr:primaryType="nt:unstructured"
                    sling:resourceType="wcm/foundation/components/responsivegrid">
                    <responsivegrid_1001
                        jcr:primaryType="nt:unstructured"
                        sling:resourceType="wcm/foundation/components/responsivegrid">
                        <image_898881992
                            jcr:primaryType="nt:unstructured"
                            sling:resourceType="we-retail-journal/components/image"
                            fileReference="/content/dam/we-retail/en/experiences/arctic-surfing-in-lofoten/surfer-ready-to-go.jpg">
                            <cq:responsive jcr:primaryType="nt:unstructured">
                                <default
                                    jcr:primaryType="nt:unstructured"
                                    width="4"/>
                                <tablet
                                    jcr:primaryType="nt:unstructured"
                                    width="6"/>
                                <phone
                                    jcr:primaryType="nt:unstructured"
                                    behavior="hide"/>
                            </cq:responsive>
                        </image_898881992>
                        <image_1193665800
                            jcr:primaryType="nt:unstructured"
                            sling:resourceType="we-retail-journal/components/image"
                            fileReference="/content/dam/we-retail/en/experiences/arctic-surfing-in-lofoten/surfer-wave-02.jpg">
                            <cq:responsive jcr:primaryType="nt:unstructured">
                                <default
                                    jcr:primaryType="nt:unstructured"
                                    width="4"/>
                                <tablet
                                    jcr:primaryType="nt:unstructured"
                                    width="6"/>
                                <phone
                                    jcr:primaryType="nt:unstructured"
                                    width="12"/>
                            </cq:responsive>
                        </image_1193665800>
                        <image_23456
                            jcr:primaryType="nt:unstructured"
                            sling:resourceType="we-retail-journal/components/image"
                            fileReference="/content/dam/we-retail/en/experiences/arctic-surfing-in-lofoten/fjord-waves.jpg">
                            <cq:responsive jcr:primaryType="nt:unstructured">
                                <default
                                    jcr:primaryType="nt:unstructured"
                                    width="4"/>
                                <tablet
                                    jcr:primaryType="nt:unstructured"
                                    width="12"/>
                                <phone
                                    jcr:primaryType="nt:unstructured"
                                    width="12"/>
                            </cq:responsive>
                        </image_23456>
                    </responsivegrid_1001>
                    <cq:responsive jcr:primaryType="nt:unstructured">
                        <default
                            jcr:primaryType="nt:unstructured"
                            offset="1"
                            width="10"/>
                    </cq:responsive>
                </paragraph_2>
                <paragraph_3
                    jcr:primaryType="nt:unstructured"
                    sling:resourceType="we-retail-journal/components/text"
                    text="&lt;p>The front is due to arrive any hour now, weather charts calling for anything in between regular bad weather and full arctic storm. In our fishing cabin in the quaint fiord, weather and surf forecast websites are refreshed hourly, for any update or hint on where to find the most manageable conditions. Wetsuits dried and ready, fresh wax coat on the surfboards. Tents are inspected, every seam scrutinized. To properly score in this part of the world, equipment means everything, and any inconsistency can ruin a session, the whole trip even. As our social media devices are put on sleep mode and reading lamps are switched off, the wind grows in intensity, rattling our windows through the night. Every surfer knows the feeling of combined anxiety and excitement, the questions that linger in our minds while falling asleep before a swell. Tomorrow they will be answered; we tell each other before updating the charts just one last time.&lt;/p>&lt;p>The morning after the winds have subsided, and when arriving at a secret coastline we have been given directions to, we are greeted by clean waves, improving with the incoming tide. A few cars parked in the grassy field outside the quiet farm village, and local surfers getting changed are signs that in 2015, no surf spots are kept away from satellite photos and internet forums. Still, there are enough of waves to keep us all warm in the frigid line-up. The media crew on the beach is doing their best to keep dry. The rain keeps hammering down; to a point where little freshwater streams start flooding the field, and cameras start breaking down. If finding good surf this far north in October is a daunting task, documenting it is proving even more difficult. It's easy to mistake the athletes in the water for the tough ones; stripping naked in near freezing temps and paddling out into the North Atlantic Ocean to get their fix of far-traveled energy. Instead, the real heroes are often the ones on the beach, stumbling on slippery rocks, wearing layers upon layers of technical clothing, cameras in plastic bags, fighting the elements to get the shot, all to make the trip &quot;worth it&quot;. Even if the true reward is in the waves surfed, without documentations they are just memories, and in a time where success is measured in thumbs-up icons and visitor stats, the golden memories of the moments you shared in the water are no longer enough, for better or for worse.&lt;/p>&lt;p>-&lt;i>All right, we got like ten minutes; let's get these tents up!&lt;/i>&lt;/p>"
                    textIsRich="true">
                    <cq:responsive jcr:primaryType="nt:unstructured">
                        <default
                            jcr:primaryType="nt:unstructured"
                            offset="2"
                            width="8"/>
                        <tablet
                            jcr:primaryType="nt:unstructured"
                            offset="1"
                            width="10"/>
                        <phone
                            jcr:primaryType="nt:unstructured"
                            width="12"/>
                    </cq:responsive>
                </paragraph_3>
                <paragraph_4
                    jcr:primaryType="nt:unstructured"
                    sling:resourceType="wcm/foundation/components/responsivegrid">
                    <responsivegrid_2000
                        jcr:primaryType="nt:unstructured"
                        sling:resourceType="wcm/foundation/components/responsivegrid">
                        <image
                            jcr:primaryType="nt:unstructured"
                            sling:resourceType="we-retail-journal/components/image"
                            fileReference="/content/dam/we-retail/en/experiences/arctic-surfing-in-lofoten/camp-tent.jpg">
                            <cq:responsive jcr:primaryType="nt:unstructured">
                                <default
                                    jcr:primaryType="nt:unstructured"
                                    width="4"/>
                                <tablet
                                    jcr:primaryType="nt:unstructured"
                                    width="6"/>
                                <phone
                                    jcr:primaryType="nt:unstructured"
                                    behavior="hide"/>
                            </cq:responsive>
                        </image>
                        <image_884249408
                            jcr:primaryType="nt:unstructured"
                            sling:resourceType="we-retail-journal/components/image"
                            fileReference="/content/dam/we-retail/en/experiences/arctic-surfing-in-lofoten/camp-fire.jpg">
                            <cq:responsive jcr:primaryType="nt:unstructured">
                                <default
                                    jcr:primaryType="nt:unstructured"
                                    width="8"/>
                                <tablet
                                    jcr:primaryType="nt:unstructured"
                                    width="6"/>
                                <phone
                                    jcr:primaryType="nt:unstructured"
                                    width="12"/>
                            </cq:responsive>
                        </image_884249408>
                    </responsivegrid_2000>
                    <cq:responsive jcr:primaryType="nt:unstructured">
                        <default
                            jcr:primaryType="nt:unstructured"
                            offset="1"
                            width="10"/>
                    </cq:responsive>
                </paragraph_4>
                <paragraph_5
                    jcr:primaryType="nt:unstructured"
                    sling:resourceType="we-retail-journal/components/text"
                    text="&lt;p>A window of blue afternoon sky is getting nearer, and from experience we know that it might be only a matter of minutes before the rain starts again. In only a week, late summer has turned into autumn, the rain crystallizing above us, capping the black mountains with a fine layer of white snow. In front of the picturesque lineup we pitch our tents on wet grass, sheltered by the cliff wall on one side and some old fishing sheds. Neoprene is hung to dry after hours in the water, not that it won't still be wet the following morning, but any attempts to make surfing in the Arctic easier count. As dark falls, we make another pot of pesto tortellini and prepare for the night, to the sound of polished rocks rumbling in the shore break below our tents.&lt;/p>&lt;p>Like a faint torch, a striking green hue shines through the tent fabric, disappearing just as quickly. The sound of zippers does its best to penetrate the ocean's roar, as we curiously peek our heads out into the freezing wind. Moments after, we sprint out in sweatpants, cameras in hand to document the fabled phenomenon the past week’s cloud layer has prevented us from seeing; the Aurora Borealis. It starts with only the faintest streaks of green and blue, seemingly appearing out of thin air, only to vanish before our eyes have had a chance to adjust to the dark. Every pulse becoming more radiant, and before we know it we are gazing in awe at the dancing curtains, shifting colors under starry skies. After a week of battling the elements, it's as if Mother Nature has decided to treat us with just a taste of the breathtaking beauty she is capable of, as if we have finally proven ourselves worthy. With our jaws still open, we watch on as the mesmerizing curtains of emerald green are veiled in a dark cloud layer, and the winds once again take hold of the bay. The exhibition is over for now, but these islands will stay in our minds forever. See you next time, Lofoten, may the forces of life yet again gravitate us towards your majestic shores, because in the hardship of finding what we came for, something else has emerged, a yearning for the undisturbed, the unknown and the truly magical. It’s waiting for you no matter where you are in the world.&lt;/p>"
                    textIsRich="true">
                    <cq:responsive jcr:primaryType="nt:unstructured">
                        <default
                            jcr:primaryType="nt:unstructured"
                            offset="2"
                            width="8"/>
                        <tablet
                            jcr:primaryType="nt:unstructured"
                            offset="1"
                            width="10"/>
                        <phone
                            jcr:primaryType="nt:unstructured"
                            width="12"/>
                    </cq:responsive>
                </paragraph_5>
                <paragraph_6
                    jcr:primaryType="nt:unstructured"
                    sling:resourceType="wcm/foundation/components/responsivegrid">
                    <responsivegrid_2000
                        jcr:primaryType="nt:unstructured"
                        sling:resourceType="wcm/foundation/components/responsivegrid">
                        <image_884249408
                            jcr:primaryType="nt:unstructured"
                            sling:resourceType="we-retail-journal/components/image"
                            fileReference="/content/dam/we-retail/en/experiences/arctic-surfing-in-lofoten/majestic-rainbow.jpg">
                            <cq:responsive jcr:primaryType="nt:unstructured">
                                <default
                                    jcr:primaryType="nt:unstructured"
                                    width="8"/>
                                <tablet
                                    jcr:primaryType="nt:unstructured"
                                    width="6"/>
                                <phone
                                    jcr:primaryType="nt:unstructured"
                                    width="12"/>
                            </cq:responsive>
                        </image_884249408>
                        <image
                            jcr:primaryType="nt:unstructured"
                            sling:resourceType="we-retail-journal/components/image"
                            fileReference="/content/dam/we-retail/en/experiences/arctic-surfing-in-lofoten/northern-lights.jpg">
                            <cq:responsive jcr:primaryType="nt:unstructured">
                                <default
                                    jcr:primaryType="nt:unstructured"
                                    width="4"/>
                                <tablet
                                    jcr:primaryType="nt:unstructured"
                                    width="6"/>
                                <phone
                                    jcr:primaryType="nt:unstructured"
                                    behavior="hide"/>
                            </cq:responsive>
                        </image>
                    </responsivegrid_2000>
                    <cq:responsive jcr:primaryType="nt:unstructured">
                        <default
                            jcr:primaryType="nt:unstructured"
                            offset="1"
                            width="10"/>
                    </cq:responsive>
                </paragraph_6>
                <paragraph_7
                    jcr:primaryType="nt:unstructured"
                    sling:resourceType="wcm/foundation/components/responsivegrid">
                    <more_stories
                        jcr:primaryType="nt:unstructured"
                        sling:resourceType="we-retail-journal/components/text"
                        text="&lt;h5>More stories&lt;/h5>"
                        textIsRich="true">
                        <cq:responsive jcr:primaryType="nt:unstructured">
                            <default
                                jcr:primaryType="nt:unstructured"
                                width="10"/>
                        </cq:responsive>
                    </more_stories>
                    <responsivegrid_1001
                        jcr:primaryType="nt:unstructured"
                        sling:resourceType="wcm/foundation/components/responsivegrid">
                        <image_898881992
                            jcr:primaryType="nt:unstructured"
                            sling:resourceType="we-retail-journal/components/image"
                            fileReference="/content/dam/we-retail/en/activities/hiking-camping/trekker-ama-dablam.jpg">
                            <cq:responsive jcr:primaryType="nt:unstructured">
                                <default
                                    jcr:primaryType="nt:unstructured"
                                    width="4"/>
                                <tablet
                                    jcr:primaryType="nt:unstructured"
                                    width="6"/>
                                <phone
                                    jcr:primaryType="nt:unstructured"
                                    behavior="hide"/>
                            </cq:responsive>
                        </image_898881992>
                        <image_1193665800
                            jcr:primaryType="nt:unstructured"
                            sling:resourceType="we-retail-journal/components/image"
                            fileReference="/content/dam/we-retail/en/activities/climbing/kalymnos-island-male.jpg">
                            <cq:responsive jcr:primaryType="nt:unstructured">
                                <default
                                    jcr:primaryType="nt:unstructured"
                                    width="4"/>
                                <tablet
                                    jcr:primaryType="nt:unstructured"
                                    width="12"/>
                                <phone
                                    jcr:primaryType="nt:unstructured"
                                    width="12"/>
                            </cq:responsive>
                        </image_1193665800>
                        <image_23456
                            jcr:primaryType="nt:unstructured"
                            sling:resourceType="we-retail-journal/components/image"
                            fileReference="/content/dam/we-retail/en/activities/hiking-camping/alpinists-rochefort-ridge.jpg">
                            <cq:responsive jcr:primaryType="nt:unstructured">
                                <default
                                    jcr:primaryType="nt:unstructured"
                                    width="4"/>
                                <tablet
                                    jcr:primaryType="nt:unstructured"
                                    width="6"/>
                                <phone
                                    jcr:primaryType="nt:unstructured"
                                    width="12"/>
                            </cq:responsive>
                        </image_23456>
                    </responsivegrid_1001>
                    <cq:responsive jcr:primaryType="nt:unstructured">
                        <default
                            jcr:primaryType="nt:unstructured"
                            offset="1"
                            width="10"/>
                    </cq:responsive>
                </paragraph_7>
                <footer_terms
                    jcr:primaryType="nt:unstructured"
                    sling:resourceType="we-retail-journal/components/text"
                    text="&lt;span>2018 All rights reserved&lt;/span>&lt;span>Terms of use &amp; privacy policy&lt;/span>"
                    textIsRich="true">
                    <cq:responsive jcr:primaryType="nt:unstructured">
                        <default
                            jcr:primaryType="nt:unstructured"
                            offset="1"
                            width="10"/>
                    </cq:responsive>
                </footer_terms>
            </responsivegrid>
        </root>
        <image jcr:primaryType="nt:unstructured">
            <file/>
        </image>
    </jcr:content>
</jcr:root>