<?xml version="1.0" encoding="UTF-8"?>
<jcr:root xmlns:sling="http://sling.apache.org/jcr/sling/1.0" xmlns:cq="http://www.day.com/jcr/cq/1.0" xmlns:jcr="http://www.jcp.org/jcr/1.0" xmlns:nt="http://www.jcp.org/jcr/nt/1.0"
    jcr:primaryType="cq:Page">
    <jcr:content
        cq:lastModified="{Date}2018-02-15T15:37:57.238+01:00"
        cq:lastModifiedBy="admin"
        cq:template="/conf/we-retail-journal/react/settings/wcm/templates/we-retail-react-page-template"
        jcr:primaryType="cq:PageContent"
        jcr:title="Blog"
        sling:resourceType="we-retail-journal/react/components/structure/page">
        <root
            jcr:primaryType="nt:unstructured"
            sling:resourceType="wcm/foundation/components/responsivegrid">
            <responsivegrid
                jcr:primaryType="nt:unstructured"
                sling:resourceType="wcm/foundation/components/responsivegrid">
                <title_brand
                    jcr:primaryType="nt:unstructured"
                    sling:resourceType="we-retail-journal/components/image"
                    fileReference="/content/dam/we-retail-journal/brand/journal_branding.png">
                    <cq:responsive jcr:primaryType="nt:unstructured">
                        <default
                            jcr:primaryType="nt:unstructured"
                            offset="1"
                            width="6"/>
                        <phone
                            jcr:primaryType="nt:unstructured"
                            offset="1"
                            width="10"/>
                    </cq:responsive>
                </title_brand>
                <header_image
                    jcr:primaryType="nt:unstructured"
                    sling:resourceType="we-retail-journal/components/image"
                    fileReference="/content/dam/we-retail/en/activities/surfing/surfing_5.jpg"/>
                <article_header
                    jcr:primaryType="nt:unstructured"
                    sling:resourceType="we-retail-journal/components/text"
                    text="&lt;h3>Here's our blog&lt;/h3>"
                    textIsRich="true">
                    <cq:responsive jcr:primaryType="nt:unstructured">
                        <default
                            jcr:primaryType="nt:unstructured"
                            offset="1"
                            width="10"/>
                        <phone
                            jcr:primaryType="nt:unstructured"
                            offset="1"
                            width="10"/>
                    </cq:responsive>
                </article_header>
                <paragraph_1
                    jcr:primaryType="nt:unstructured"
                    sling:resourceType="we-retail-journal/components/text"
                    text="&lt;p>Steep mountain sides surround us, like wise trolls from a distant timeline, weathered and worn by long-gone glaciers, green moss now covering the black rock. White sheep forage on steep grass, defying the chilling winds funneled by the deep valley. The subtle hues of the arctic circle are welcoming, comfortable on the eyes. When rare sunrays pierce through the low clouds, the scenery reveals its vibrancy, as the waves reflect a translucent cyan blue before crashing loudly onto white sand. A small but playful groundswell is building, the offshore breeze grooming playful lines down the point, making for welcoming conditions for acclimatizing to cold water and thick neoprene. Knowing it is our last surf before a few days of hard wind, we take full advantage out of every ripple the North Atlantic Ocean sends our way. Tomorrow this place will have taken on a very different, much more hostile appearance.&lt;/p>"
                    textIsRich="true">
                    <cq:responsive jcr:primaryType="nt:unstructured">
                        <default
                            jcr:primaryType="nt:unstructured"
                            offset="1"
                            width="10"/>
                        <tablet
                            jcr:primaryType="nt:unstructured"
                            offset="1"
                            width="10"/>
                        <phone
                            jcr:primaryType="nt:unstructured"
                            width="12"/>
                    </cq:responsive>
                </paragraph_1>
                <paragraph_2
                    jcr:primaryType="nt:unstructured"
                    sling:resourceType="wcm/foundation/components/responsivegrid">
                    <responsivegrid_1001
                        jcr:primaryType="nt:unstructured"
                        sling:resourceType="wcm/foundation/components/responsivegrid">
                        <image_898881992
                            jcr:primaryType="nt:unstructured"
                            sling:resourceType="we-retail-journal/components/image"
                            fileReference="/content/dam/we-retail/en/activities/surfing/beach-walking.jpg">
                            <cq:responsive jcr:primaryType="nt:unstructured">
                                <default
                                    jcr:primaryType="nt:unstructured"
                                    width="6"/>
                                <tablet
                                    jcr:primaryType="nt:unstructured"
                                    width="6"/>
                                <phone
                                    jcr:primaryType="nt:unstructured"
                                    behavior="hide"/>
                            </cq:responsive>
                        </image_898881992>
                        <image_23456
                            jcr:primaryType="nt:unstructured"
                            sling:resourceType="we-retail-journal/components/image"
                            fileReference="/content/dam/we-retail/en/activities/surfing/man-wetsuit.jpg">
                            <cq:responsive jcr:primaryType="nt:unstructured">
                                <default
                                    jcr:primaryType="nt:unstructured"
                                    width="6"/>
                                <tablet
                                    jcr:primaryType="nt:unstructured"
                                    width="12"/>
                                <phone
                                    jcr:primaryType="nt:unstructured"
                                    width="12"/>
                            </cq:responsive>
                        </image_23456>
                    </responsivegrid_1001>
                    <cq:responsive jcr:primaryType="nt:unstructured">
                        <default
                            jcr:primaryType="nt:unstructured"
                            offset="1"
                            width="10"/>
                    </cq:responsive>
                </paragraph_2>
                <footer_terms
                    jcr:primaryType="nt:unstructured"
                    sling:resourceType="we-retail-journal/components/text"
                    text="&lt;span>2018 All rights reserved&lt;/span>&lt;span>Terms of use &amp; privacy policy&lt;/span>"
                    textIsRich="true">
                    <cq:responsive jcr:primaryType="nt:unstructured">
                        <default
                            jcr:primaryType="nt:unstructured"
                            offset="1"
                            width="10"/>
                    </cq:responsive>
                </footer_terms>
            </responsivegrid>
        </root>
    </jcr:content>
    <aboutus/>
    <weather/>
</jcr:root>