<?xml version="1.0" encoding="UTF-8"?>
<jcr:root xmlns:sling="http://sling.apache.org/jcr/sling/1.0" xmlns:cq="http://www.day.com/jcr/cq/1.0" xmlns:jcr="http://www.jcp.org/jcr/1.0" xmlns:nt="http://www.jcp.org/jcr/nt/1.0"
    jcr:primaryType="cq:Page">
    <adventures-all
        jcr:primaryType="nt:unstructured"
        sling:resourceType="graphql/persistent/query">
        <jcr:content
            jcr:data="{Binary}"
            jcr:mimeType="text/html"
            jcr:primaryType="nt:unstructured"
            sling:resourceType="graphql/persistent/query/content"/>
    </adventures-all>
    <location-details-by-location-path
        jcr:created="{Date}2021-12-03T19:04:42.697Z"
        jcr:primaryType="nt:unstructured"
        sling:resourceType="graphql/persistent/query">
        <jcr:content
            jcr:data="{Binary}"
            jcr:mimeType="text/html"
            jcr:primaryType="nt:unstructured"
            sling:resourceType="graphql/persistent/query/content"/>
    </location-details-by-location-path>
    <location-path-by-adventure-path
        jcr:created="{Date}2021-12-03T19:09:58.833Z"
        jcr:primaryType="nt:unstructured"
        sling:resourceType="graphql/persistent/query">
        <jcr:content
            jcr:data="{Binary}"
            jcr:mimeType="text/html"
            jcr:primaryType="nt:unstructured"
            sling:resourceType="graphql/persistent/query/content"/>
    </location-path-by-adventure-path>
    <team-by-adventure-path
        jcr:created="{Date}2021-12-03T19:20:27.602Z"
        jcr:primaryType="nt:unstructured"
        sling:resourceType="graphql/persistent/query">
        <jcr:content
            jcr:data="{Binary}"
            jcr:lastModified="{Date}2021-12-08T21:41:14.435Z"
            jcr:mimeType="text/html"
            jcr:primaryType="nt:unstructured"
            sling:resourceType="graphql/persistent/query/content"/>
    </team-by-adventure-path>
    <team-members-by-adventure-path
        jcr:created="{Date}2021-12-03T19:40:23.065Z"
        jcr:primaryType="nt:unstructured"
        sling:resourceType="graphql/persistent/query">
        <jcr:content
            jcr:data="{Binary}"
            jcr:mimeType="text/html"
            jcr:primaryType="nt:unstructured"
            sling:resourceType="graphql/persistent/query/content"/>
    </team-members-by-adventure-path>
    <team-location-by-location-path
        jcr:created="{Date}2021-12-04T00:34:27.302Z"
        jcr:primaryType="nt:unstructured"
        sling:resourceType="graphql/persistent/query">
        <jcr:content
            jcr:data="{Binary}"
            jcr:mimeType="text/html"
            jcr:primaryType="nt:unstructured"
            sling:resourceType="graphql/persistent/query/content"/>
    </team-location-by-location-path>
    <adventure-administrator-details-by-administrator-name
        jcr:created="{Date}2022-01-13T03:31:37.973Z"
        jcr:primaryType="nt:unstructured"
        sling:resourceType="graphql/persistent/query">
        <jcr:content
            jcr:data="{Binary}"
            jcr:lastModified="{Date}2022-01-13T03:31:57.505Z"
            jcr:mimeType="text/html"
            jcr:primaryType="nt:unstructured"
            sling:resourceType="graphql/persistent/query/content"/>
    </adventure-administrator-details-by-administrator-name>
    <all-adventure-details
        jcr:created="{Date}2022-01-28T18:40:59.490Z"
        jcr:primaryType="nt:unstructured"
        sling:resourceType="graphql/persistent/query">
        <jcr:content
            jcr:data="{Binary}"
            jcr:mimeType="text/html"
            jcr:primaryType="nt:unstructured"
            sling:resourceType="graphql/persistent/query/content"
            cache-control="[max-age=300]"/>
    </all-adventure-details>
</jcr:root>
